office_name,address,city,state,zipcode,neighborhood,phone_number,email
Dream Homes NYC Branch,615 Broadway,New York,NY,56422-4110,Manhattan,(361)876-5749,charlene83@booker-lucas.net
Dream Homes NYC Branch,9855 Roosevelt Ave,New York,NY,79576-9917,Brooklyn,001-588-268-5464,qgibbs@moore.com
Dream Homes NYC Branch,2730 Bowery,New York,NY,91855-4200,Brooklyn,432-348-8425,pweeks@hogan.info
Dream Homes NYC Branch,772 Columbus Ave,New York,NY,42852-3811,Brooklyn,261.243.2113x1505,heather87@dominguez.com
Dream Homes NYC Branch,9432 Broadway,New York,NY,58110-8180,Brooklyn,559-733-5145,carterthomas@bennett-haynes.com
Dream Homes NYC Branch,81573 Forest Ave,New York,NY,13209-2343,Brooklyn,8236542205,ronaldschwartz@mcdaniel.biz
Dream Homes NYC Branch,2070 2nd Ave,New York,NY,77729-4578,Brooklyn,+1-625-960-5844x2266,haleyyoder@reed.net
Dream Homes NYC Branch,391 Canal Street,New York,NY,53901-7971,Manhattan,926-322-5540x1462,edwardholder@allen.org
Dream Homes NYC Branch,642 Mulberry Street,New York,NY,50084-5641,Queens,+1-724-202-1752,yroberts@campbell-wilson.com
Dream Homes NYC Branch,08159 West End Ave,New York,NY,51805-7400,Brooklyn,642-990-0870,rachel98@morris.biz
